{
    "foreground_intensity_properties_per_channel": {
        "0": {
            "max": 255.0,
            "mean": 169.19134521484375,
            "median": 163.0,
            "min": 0.0,
            "percentile_00_5": 36.0,
            "percentile_99_5": 255.0,
            "std": 58.585174560546875
        },
        "1": {
            "max": 255.0,
            "mean": 55.35158157348633,
            "median": 52.0,
            "min": 0.0,
            "percentile_00_5": 6.0,
            "percentile_99_5": 133.0,
            "std": 24.083337783813477
        },
        "2": {
            "max": 153.0,
            "mean": 8.599896430969238,
            "median": 7.0,
            "min": 0.0,
            "percentile_00_5": 0.0,
            "percentile_99_5": 39.0,
            "std": 8.424431800842285
        }
    },
    "median_relative_size_after_cropping": 0.9018393393393394,
    "shapes_after_crop": [
        [
            1,
            930,
            930
        ],
        [
            1,
            930,
            930
        ],
        [
            1,
            930,
            930
        ],
        [
            1,
            930,
            930
        ],
        [
            1,
            930,
            930
        ],
        [
            1,
            930,
            930
        ],
        [
            1,
            930,
            930
        ],
        [
            1,
            930,
            930
        ],
        [
            1,
            930,
            930
        ],
        [
            1,
            930,
            930
        ],
        [
            1,
            930,
            930
        ],
        [
            1,
            930,
            930
        ],
        [
            1,
            930,
            930
        ],
        [
            1,
            930,
            930
        ],
        [
            1,
            898,
            914
        ],
        [
            1,
            898,
            913
        ],
        [
            1,
            930,
            930
        ],
        [
            1,
            930,
            930
        ],
        [
            1,
            945,
            930
        ],
        [
            1,
            930,
            930
        ]
    ],
    "spacings": [
        [
            999,
            1,
            1
        ],
        [
            999,
            1,
            1
        ],
        [
            999,
            1,
            1
        ],
        [
            999,
            1,
            1
        ],
        [
            999,
            1,
            1
        ],
        [
            999,
            1,
            1
        ],
        [
            999,
            1,
            1
        ],
        [
            999,
            1,
            1
        ],
        [
            999,
            1,
            1
        ],
        [
            999,
            1,
            1
        ],
        [
            999,
            1,
            1
        ],
        [
            999,
            1,
            1
        ],
        [
            999,
            1,
            1
        ],
        [
            999,
            1,
            1
        ],
        [
            999,
            1,
            1
        ],
        [
            999,
            1,
            1
        ],
        [
            999,
            1,
            1
        ],
        [
            999,
            1,
            1
        ],
        [
            999,
            1,
            1
        ],
        [
            999,
            1,
            1
        ]
    ]
}